attendance_percentage,assignment_score,internal_marks,previous_score,study_hours,assignments_completed,final_score
93.3,26.8,25.0,30.0,4.0,4,30.0
95.6,27.8,25.0,25.0,3.7,6,30.0
88.9,39.5,35.0,40.0,4.1,6,50.0
97.8,67.6,75.0,70.0,7.8,8,75.0
95.6,44.3,30.0,50.0,3.7,6,50.0
88.9,79.4,75.0,75.0,3.7,8,75.0
100.0,58.0,60.0,60.0,4.4,8,55.0
93.3,28.9,30.0,25.0,4.1,5,30.0
100.0,86.4,80.0,90.0,3.6,9,95.0
100.0,73.2,70.0,75.0,4.0,8,75.0
100.0,43.4,50.0,40.0,3.6,5,45.0
95.6,52.7,50.0,60.0,7.0,7,60.0
97.8,69.9,70.0,70.0,1.9,8,70.0
97.8,53.8,50.0,50.0,3.0,6,55.0
100.0,76.5,70.0,80.0,6.5,8,80.0
95.6,68.8,70.0,70.0,1.6,8,70.0
93.3,69.9,65.0,70.0,6.8,7,70.0
95.6,35.7,40.0,50.0,3.9,6,50.0
82.2,31.3,30.0,25.0,1.4,4,25.0
95.6,39.2,40.0,50.0,1.2,6,50.0
100.0,66.2,65.0,70.0,4.4,7,75.0
100.0,63.6,60.0,75.0,1.7,8,75.0
97.8,70.9,75.0,75.0,3.8,8,80.0
100.0,68.7,65.0,65.0,3.2,8,60.0
97.8,46.1,50.0,45.0,7.0,6,40.0
84.4,38.3,30.0,45.0,1.8,5,40.0
97.8,59.8,60.0,60.0,1.3,7,55.0
95.6,78.9,75.0,80.0,2.0,8,75.0
95.6,55.2,55.0,55.0,3.6,7,55.0
82.2,50.7,50.0,60.0,3.7,6,55.0
100.0,53.0,45.0,55.0,3.6,5,60.0
100.0,81.0,85.0,80.0,4.5,9,85.0
100.0,77.6,85.0,80.0,3.8,10,80.0
100.0,43.4,40.0,50.0,3.4,6,60.0
100.0,69.6,60.0,70.0,2.1,8,75.0
100.0,40.3,40.0,35.0,1.3,6,30.0
97.8,76.3,75.0,80.0,7.3,8,90.0
92.2,76.3,75.0,80.0,6.4,8,75.0
97.8,59.0,60.0,60.0,6.7,6,55.0
91.1,74.2,70.0,65.0,1.9,8,65.0
72.2,43.4,35.0,50.0,4.1,6,55.0
91.1,61.4,60.0,60.0,1.9,7,60.0
97.8,95.9,95.0,90.0,3.8,10,90.0
100.0,40.8,40.0,40.0,1.7,6,55.0
84.4,49.2,50.0,50.0,3.2,6,45.0
91.1,39.4,40.0,40.0,3.5,6,30.0
86.7,57.2,55.0,60.0,3.6,6,55.0
95.6,94.9,95.0,95.0,12.9,9,100.0
97.8,77.3,75.0,75.0,3.9,8,70.0
97.8,35.2,35.0,35.0,3.1,6,35.0
97.8,64.7,60.0,65.0,3.9,7,65.0
97.8,59.5,55.0,65.0,3.6,6,65.0
93.3,55.3,55.0,55.0,1.5,7,50.0
100.0,38.4,40.0,50.0,2.0,6,55.0
93.3,60.1,50.0,65.0,2.2,7,65.0
91.1,43.5,40.0,45.0,4.2,6,50.0
100.0,75.6,70.0,75.0,3.5,8,75.0
95.6,63.1,70.0,75.0,3.7,8,75.0
97.8,54.1,45.0,50.0,3.9,6,45.0
97.8,77.0,75.0,80.0,4.2,8,80.0
93.3,55.9,50.0,55.0,3.6,7,55.0
93.3,41.9,50.0,40.0,1.7,5,55.0
95.6,46.8,40.0,50.0,3.4,6,45.0
97.8,44.2,50.0,45.0,6.7,7,45.0
100.0,48.0,50.0,50.0,4.1,6,50.0
97.8,83.7,80.0,75.0,4.3,9,75.0
95.6,64.4,65.0,65.0,12.5,7,60.0
95.6,35.7,35.0,35.0,12.9,5,30.0
97.8,45.2,40.0,45.0,3.9,6,40.0
86.7,81.6,80.0,80.0,12.2,8,80.0
100.0,70.3,65.0,75.0,12.6,9,75.0
100.0,51.2,50.0,50.0,13.1,7,50.0
97.8,42.9,40.0,30.0,3.8,5,25.0
97.8,59.8,60.0,60.0,2.4,7,70.0
40.0,58.0,55.0,60.0,2.8,6,55.0
93.3,48.4,45.0,45.0,4.1,7,50.0
91.1,58.5,55.0,55.0,12.5,8,50.0
100.0,58.8,55.0,55.0,12.4,7,55.0
97.8,42.0,40.0,40.0,1.8,5,50.0
86.7,21.3,25.0,25.0,3.0,3,25.0
97.8,60.0,50.0,60.0,1.7,7,60.0
95.6,48.9,55.0,50.0,7.3,7,55.0
88.9,33.6,35.0,30.0,4.4,6,30.0
95.6,72.6,75.0,75.0,3.6,8,75.0
97.8,47.2,45.0,50.0,3.5,6,50.0
93.3,40.9,35.0,45.0,3.6,6,40.0
95.6,38.6,40.0,35.0,4.2,5,30.0
95.6,68.8,65.0,70.0,7.3,9,70.0
86.7,57.8,55.0,50.0,3.6,6,50.0
80.0,36.7,40.0,30.0,4.0,5,35.0
100.0,34.2,35.0,35.0,7.2,6,40.0
95.6,85.5,80.0,85.0,2.2,9,90.0
95.6,36.4,35.0,30.0,3.5,5,30.0
100.0,48.7,55.0,50.0,3.7,6,50.0
93.3,61.7,55.0,65.0,12.3,7,70.0
97.8,44.4,35.0,50.0,11.9,7,50.0
97.8,63.6,55.0,75.0,1.9,6,75.0
97.8,46.8,40.0,45.0,3.9,7,50.0
93.3,61.7,55.0,70.0,1.8,6,70.0
100.0,40.2,35.0,45.0,7.1,6,40.0
84.4,34.4,35.0,35.0,1.2,5,25.0
100.0,82.4,80.0,85.0,7.0,9,85.0
95.6,53.7,50.0,65.0,1.7,6,70.0
71.1,28.0,35.0,30.0,3.5,4,30.0
100.0,89.9,80.0,90.0,3.7,10,90.0
88.9,49.7,50.0,55.0,12.7,5,55.0
91.1,34.2,35.0,40.0,13.3,5,40.0
97.8,77.9,80.0,90.0,7.3,8,90.0
93.3,55.2,50.0,65.0,12.6,7,65.0
95.6,68.2,70.0,75.0,7.2,8,80.0
93.3,97.7,90.0,95.0,1.0,9,95.0
100.0,45.4,35.0,50.0,7.2,6,50.0
93.3,55.0,50.0,65.0,3.8,8,65.0
88.9,99.6,90.0,95.0,2.8,10,95.0
91.1,48.1,45.0,45.0,3.7,6,45.0
97.8,74.0,75.0,75.0,3.9,7,80.0
97.8,51.8,55.0,65.0,3.8,6,70.0
100.0,74.7,65.0,70.0,1.3,8,65.0
77.8,35.8,45.0,35.0,4.3,6,40.0
93.3,62.3,70.0,65.0,2.1,7,65.0
97.8,80.9,80.0,75.0,4.1,8,75.0
93.3,83.0,80.0,70.0,12.1,9,75.0
97.8,69.4,65.0,65.0,4.4,7,65.0
80.0,64.6,70.0,55.0,1.2,7,65.0
100.0,39.5,40.0,35.0,4.0,6,40.0
100.0,67.7,65.0,65.0,2.7,8,60.0
100.0,44.6,35.0,50.0,3.4,6,55.0
97.8,38.3,35.0,40.0,3.6,6,45.0
100.0,28.1,35.0,20.0,1.8,5,0.0
91.1,89.8,90.0,90.0,1.6,9,90.0
100.0,28.8,60.0,0.0,6.6,6,0.0
100.0,19.9,40.0,0.0,1.8,4,0.0
86.7,51.8,50.0,65.0,1.4,6,60.0
82.2,57.3,60.0,55.0,2.0,6,55.0
100.0,20.2,45.0,0.0,3.4,5,0.0
100.0,25.1,55.0,0.0,7.8,5,0.0
100.0,26.6,50.0,0.0,3.5,5,0.0
100.0,14.9,20.0,0.0,1.7,5,0.0
100.0,68.1,70.0,60.0,4.1,8,60.0
100.0,75.0,80.0,80.0,1.3,8,75.0
100.0,36.6,35.0,45.0,12.6,5,0.0
91.1,48.0,45.0,45.0,2.3,7,45.0
97.8,46.7,45.0,55.0,6.6,6,55.0
97.8,69.3,70.0,70.0,1.9,8,65.0
100.0,14.8,25.0,0.0,1.9,3,0.0
100.0,44.1,40.0,55.0,4.1,7,55.0
100.0,32.7,30.0,35.0,3.3,5,0.0
97.8,48.1,50.0,55.0,3.3,7,55.0
100.0,30.7,35.0,30.0,2.0,5,0.0
100.0,43.4,40.0,45.0,1.9,6,50.0
100.0,22.5,30.0,25.0,1.9,4,0.0
93.3,63.8,60.0,65.0,1.9,8,70.0
91.1,49.9,50.0,50.0,6.9,6,50.0
100.0,14.8,25.0,0.0,1.9,4,0.0
100.0,55.7,55.0,55.0,1.9,8,60.0
97.8,52.2,55.0,40.0,3.5,6,40.0
91.1,70.8,80.0,60.0,2.5,8,65.0
93.3,41.2,45.0,40.0,2.0,6,50.0
97.8,80.6,85.0,75.0,1.3,8,75.0
95.6,56.5,50.0,60.0,4.1,6,60.0
100.0,32.8,35.0,30.0,1.4,5,0.0
93.3,34.7,25.0,45.0,4.1,6,35.0
100.0,16.0,35.0,0.0,2.3,4,0.0
97.8,47.9,50.0,50.0,1.5,7,50.0
100.0,27.7,25.0,40.0,4.2,4,35.0
82.2,63.2,60.0,55.0,2.0,7,60.0
95.6,46.0,50.0,50.0,4.1,5,50.0
100.0,70.2,70.0,75.0,4.6,8,80.0
100.0,30.1,30.0,35.0,3.7,6,0.0
100.0,72.9,70.0,70.0,3.5,8,70.0
100.0,26.7,30.0,25.0,1.4,4,0.0
97.8,73.8,65.0,75.0,3.5,8,80.0
100.0,58.0,65.0,55.0,3.8,7,50.0
100.0,38.5,40.0,35.0,3.9,6,0.0
95.6,49.7,50.0,55.0,3.9,7,45.0
95.6,54.5,50.0,45.0,4.1,6,45.0
97.8,61.2,65.0,65.0,3.8,8,55.0
95.6,28.6,30.0,25.0,4.4,5,30.0
88.9,47.2,50.0,40.0,1.7,5,45.0
95.6,51.3,50.0,50.0,4.9,7,55.0
88.9,42.0,45.0,40.0,4.1,5,40.0
97.8,62.0,60.0,65.0,3.5,7,60.0
100.0,82.5,80.0,85.0,3.4,9,85.0
37.8,44.5,45.0,45.0,4.0,4,40.0
84.4,65.5,60.0,65.0,3.7,7,60.0
86.7,67.1,60.0,60.0,4.1,7,55.0
97.8,55.6,55.0,60.0,2.0,6,55.0
100.0,70.6,75.0,75.0,3.8,7,75.0
93.3,37.3,40.0,35.0,3.5,6,45.0
95.6,50.7,40.0,45.0,3.2,6,50.0
88.9,54.8,55.0,60.0,3.6,7,65.0
100.0,45.2,40.0,40.0,4.1,6,45.0
86.7,42.8,35.0,40.0,3.9,5,40.0
91.1,40.6,40.0,45.0,1.3,5,50.0
100.0,69.2,65.0,70.0,1.9,8,70.0
100.0,77.6,70.0,75.0,4.0,8,75.0
95.6,79.0,85.0,75.0,1.4,8,80.0
91.1,44.3,45.0,45.0,1.9,6,50.0
73.3,88.1,90.0,90.0,1.8,9,90.0
100.0,41.8,45.0,45.0,3.3,6,50.0
97.8,77.9,80.0,80.0,3.9,8,80.0
93.3,40.9,40.0,50.0,4.0,6,50.0
95.6,45.1,45.0,45.0,4.2,7,50.0
80.0,30.1,35.0,30.0,2.2,5,30.0
93.3,50.7,50.0,50.0,11.9,6,55.0
68.9,42.6,50.0,45.0,6.8,5,45.0
94.4,36.1,35.0,35.0,4.0,5,35.0
88.9,60.1,55.0,60.0,4.0,7,65.0
93.3,38.6,45.0,45.0,2.0,6,50.0
93.3,36.2,35.0,35.0,8.7,6,35.0
88.9,43.9,40.0,40.0,12.7,6,40.0
85.6,56.1,60.0,60.0,4.3,6,65.0
100.0,67.8,60.0,65.0,4.2,8,70.0
83.3,33.7,30.0,35.0,4.1,4,40.0
86.7,42.5,40.0,50.0,1.7,5,50.0
97.8,72.2,70.0,75.0,4.1,8,75.0
75.6,31.8,30.0,30.0,3.5,5,20.0
85.6,30.2,30.0,30.0,3.7,6,40.0
96.7,36.7,35.0,35.0,1.6,6,40.0
95.6,44.5,45.0,50.0,7.2,6,50.0
97.8,30.5,30.0,30.0,4.7,5,30.0
100.0,23.1,30.0,25.0,6.5,5,0.0
97.8,79.6,80.0,80.0,4.1,8,85.0
100.0,59.5,60.0,65.0,3.2,8,65.0
100.0,62.6,65.0,65.0,7.0,7,70.0
82.2,46.6,45.0,40.0,4.2,6,35.0
88.9,81.1,80.0,75.0,3.8,9,75.0
97.8,59.5,60.0,55.0,3.4,7,60.0
84.4,41.7,50.0,40.0,3.5,6,45.0
88.9,54.2,60.0,50.0,7.5,6,60.0
84.4,68.9,65.0,65.0,3.5,7,70.0
95.6,55.5,55.0,55.0,3.9,6,55.0
84.4,57.6,55.0,45.0,3.8,7,45.0
97.8,68.9,70.0,65.0,3.5,8,65.0
80.0,40.8,45.0,35.0,4.7,5,30.0
88.9,49.2,55.0,45.0,7.5,7,50.0
95.6,68.0,70.0,65.0,3.0,8,65.0
77.8,62.1,65.0,60.0,1.9,7,60.0
97.8,62.5,65.0,55.0,3.5,7,55.0
100.0,38.1,35.0,35.0,4.1,5,0.0
84.4,57.5,60.0,60.0,3.5,7,60.0
97.8,48.1,50.0,55.0,3.8,7,60.0
100.0,9.7,30.0,0.0,2.0,4,0.0
100.0,64.2,65.0,60.0,2.1,7,60.0
100.0,14.7,35.0,0.0,6.7,3,0.0
93.3,83.1,90.0,90.0,1.7,8,90.0
95.6,61.2,60.0,60.0,1.6,8,65.0
82.2,42.8,30.0,40.0,1.5,6,40.0
91.1,19.8,15.0,25.0,4.5,4,25.0
100.0,72.5,65.0,75.0,2.0,8,75.0
100.0,35.1,30.0,40.0,1.3,5,40.0
93.3,41.9,35.0,50.0,4.2,5,50.0
95.6,40.1,30.0,45.0,2.6,6,40.0
100.0,41.5,40.0,45.0,2.2,6,40.0
100.0,50.5,40.0,60.0,1.2,7,60.0
97.8,40.8,35.0,45.0,1.6,6,40.0
93.3,63.1,70.0,60.0,13.0,6,65.0
86.7,58.2,55.0,55.0,3.5,7,55.0
91.1,72.0,75.0,70.0,4.0,8,70.0
100.0,45.2,50.0,45.0,12.8,6,0.0
76.7,89.1,85.0,90.0,3.4,9,90.0
97.8,37.1,40.0,40.0,3.8,5,40.0
98.9,62.7,65.0,60.0,5.9,8,60.0
95.6,47.6,50.0,45.0,6.8,7,45.0
100.0,50.9,45.0,50.0,7.1,7,0.0
85.6,86.5,85.0,85.0,3.3,8,85.0
97.8,44.9,45.0,45.0,4.5,7,50.0
91.1,57.8,60.0,50.0,3.2,7,55.0
88.9,52.0,50.0,45.0,3.6,6,50.0
100.0,17.4,30.0,0.0,3.9,4,0.0
83.3,45.0,45.0,45.0,4.4,5,45.0
95.6,68.4,75.0,70.0,11.9,8,70.0
97.8,51.6,55.0,55.0,4.3,6,55.0
97.8,71.6,75.0,70.0,3.8,7,70.0
97.8,48.0,50.0,50.0,3.4,6,50.0
93.3,59.4,60.0,60.0,4.0,8,60.0
25.0,47.8,50.0,45.0,3.9,4,45.0
75.6,46.7,45.0,45.0,1.6,6,45.0
83.3,42.4,45.0,40.0,3.8,5,40.0
91.1,54.0,50.0,55.0,1.6,6,50.0
66.7,40.2,40.0,40.0,1.8,4,40.0
78.9,43.9,55.0,45.0,2.1,6,50.0
98.9,57.0,60.0,60.0,13.1,7,60.0
95.6,41.9,40.0,45.0,3.3,6,50.0
95.6,43.7,50.0,45.0,4.7,6,55.0
97.8,57.1,60.0,50.0,3.0,7,55.0
94.4,94.9,90.0,90.0,7.1,10,95.0
93.3,66.5,65.0,60.0,7.4,8,60.0
93.3,71.9,75.0,70.0,7.3,8,70.0
90.0,75.0,75.0,65.0,3.6,7,75.0
87.8,58.1,60.0,55.0,3.7,6,55.0
100.0,73.9,75.0,75.0,7.0,8,75.0
86.7,58.0,60.0,60.0,3.6,6,65.0
93.3,89.0,90.0,90.0,12.8,9,90.0
91.1,66.4,70.0,65.0,7.3,8,70.0
95.6,65.7,70.0,60.0,1.5,7,55.0
100.0,48.1,50.0,45.0,4.2,6,0.0
88.9,45.2,50.0,40.0,3.9,5,40.0
100.0,69.0,70.0,65.0,12.8,8,70.0
94.4,81.4,80.0,75.0,2.1,8,80.0
84.4,58.2,60.0,50.0,3.5,7,55.0
100.0,50.2,55.0,55.0,1.6,7,50.0
100.0,59.6,75.0,60.0,7.5,6,70.0
100.0,88.0,85.0,85.0,12.7,9,90.0
77.8,68.2,75.0,70.0,3.8,6,65.0
91.1,64.5,70.0,60.0,3.8,7,60.0
100.0,83.7,85.0,90.0,2.3,9,90.0
57.8,36.6,40.0,45.0,1.6,4,40.0
100.0,69.5,75.0,60.0,4.0,7,60.0
80.0,57.6,60.0,50.0,3.7,6,50.0
100.0,43.2,45.0,45.0,3.7,6,0.0
77.8,56.9,70.0,60.0,4.2,6,65.0
96.7,58.5,65.0,55.0,4.1,7,55.0
75.6,59.1,65.0,50.0,4.1,6,55.0
84.4,65.5,75.0,65.0,7.7,7,65.0
55.6,60.8,65.0,55.0,7.2,6,55.0
100.0,40.0,40.0,40.0,4.1,7,0.0
90.0,49.3,45.0,50.0,7.1,7,45.0
100.0,55.4,55.0,55.0,7.3,6,50.0
97.8,51.9,55.0,55.0,3.7,7,55.0
74.4,68.8,65.0,65.0,3.8,7,65.0
86.7,49.7,55.0,45.0,4.0,6,45.0
96.7,54.9,55.0,55.0,6.9,7,55.0
98.9,61.8,60.0,70.0,8.0,8,75.0
100.0,76.2,80.0,75.0,6.8,8,75.0
96.7,49.4,45.0,60.0,6.7,6,55.0
96.7,71.8,70.0,75.0,2.3,8,80.0
91.1,58.1,55.0,50.0,2.1,7,50.0
92.2,43.2,50.0,45.0,7.4,6,45.0
95.6,64.8,70.0,70.0,7.5,8,70.0
97.8,47.3,45.0,40.0,12.5,6,40.0
92.2,64.1,60.0,70.0,6.8,7,70.0
100.0,16.1,35.0,0.0,3.8,5,0.0
100.0,43.3,40.0,40.0,3.5,7,0.0
100.0,45.7,50.0,45.0,12.9,6,0.0
82.2,83.4,80.0,75.0,7.1,8,75.0
86.7,69.8,70.0,65.0,6.9,7,65.0
100.0,35.8,35.0,40.0,3.7,6,0.0
92.2,84.5,80.0,75.0,12.7,9,85.0
95.6,45.5,45.0,50.0,3.6,6,50.0
95.6,59.8,55.0,60.0,6.9,8,55.0
100.0,51.0,50.0,50.0,3.9,6,0.0
87.8,81.8,80.0,75.0,3.9,9,75.0
100.0,47.6,45.0,40.0,3.6,6,0.0
95.6,52.7,55.0,50.0,7.0,7,50.0
92.2,62.6,65.0,65.0,7.3,7,70.0
90.0,79.1,80.0,75.0,6.6,8,80.0
100.0,47.8,50.0,50.0,6.6,6,45.0
100.0,76.2,65.0,75.0,6.9,8,75.0
88.9,60.2,55.0,65.0,1.7,7,65.0
91.1,36.4,40.0,35.0,3.9,5,40.0
97.8,65.6,65.0,65.0,4.4,7,65.0
92.2,33.3,40.0,35.0,2.1,6,40.0
95.6,36.9,40.0,40.0,1.7,6,40.0
95.6,64.0,65.0,55.0,3.8,7,55.0
100.0,45.5,50.0,45.0,3.4,7,45.0
95.6,59.0,60.0,65.0,3.8,7,65.0
97.8,61.7,60.0,60.0,3.7,7,55.0
95.6,53.8,50.0,50.0,1.9,7,50.0
100.0,87.5,90.0,80.0,6.9,9,80.0
100.0,68.2,65.0,65.0,4.0,7,65.0
97.8,60.2,65.0,60.0,4.4,7,60.0
100.0,50.5,55.0,55.0,3.8,6,50.0
100.0,82.4,80.0,75.0,4.0,8,75.0
100.0,56.6,60.0,55.0,4.1,7,60.0
95.6,49.2,50.0,50.0,3.6,6,50.0
100.0,69.3,65.0,65.0,7.3,8,65.0
100.0,34.4,35.0,30.0,1.8,6,0.0
100.0,54.1,55.0,50.0,1.8,6,50.0
88.9,72.1,70.0,60.0,3.5,8,55.0
95.6,32.9,35.0,35.0,3.8,5,45.0
96.7,68.2,70.0,60.0,2.0,8,60.0
91.1,60.4,65.0,55.0,7.8,7,55.0
84.4,28.5,30.0,25.0,2.2,5,25.0
100.0,97.5,95.0,90.0,8.1,10,95.0
97.8,41.6,40.0,40.0,6.9,5,50.0
95.6,74.3,75.0,70.0,7.5,9,75.0
95.6,45.8,40.0,45.0,3.9,7,50.0
100.0,73.8,75.0,75.0,4.7,8,75.0
81.1,47.3,50.0,50.0,3.5,6,50.0
95.6,69.3,75.0,70.0,3.5,8,70.0
94.4,26.3,35.0,30.0,1.6,5,35.0
97.8,61.6,55.0,55.0,3.0,8,50.0
100.0,24.1,30.0,25.0,1.6,6,0.0
84.4,26.9,30.0,25.0,1.5,4,25.0
97.8,46.7,50.0,45.0,7.3,6,50.0
92.2,28.6,30.0,25.0,1.9,5,30.0
100.0,32.8,35.0,25.0,8.0,6,0.0
100.0,42.6,35.0,45.0,4.2,6,40.0
100.0,25.7,30.0,25.0,3.6,6,0.0
87.8,44.5,45.0,45.0,3.4,5,45.0
96.7,75.7,70.0,80.0,2.0,9,80.0
96.7,44.4,50.0,40.0,1.3,6,35.0
100.0,62.5,55.0,60.0,2.5,8,50.0
94.4,44.0,40.0,45.0,2.3,7,45.0
95.6,28.8,0.0,55.0,3.6,5,55.0
97.8,51.9,45.0,55.0,3.1,6,55.0
93.3,66.2,60.0,65.0,4.3,8,60.0
100.0,70.6,70.0,70.0,7.2,8,70.0
100.0,55.7,55.0,65.0,4.3,7,65.0
93.3,61.3,60.0,60.0,3.2,7,65.0
100.0,60.5,65.0,60.0,3.6,6,65.0
97.8,55.5,50.0,65.0,3.8,7,65.0
100.0,79.3,75.0,80.0,3.8,8,85.0
100.0,64.0,60.0,60.0,3.6,7,65.0
97.8,70.1,70.0,70.0,4.0,9,70.0
100.0,55.8,50.0,60.0,6.8,6,65.0
100.0,67.8,60.0,65.0,1.7,8,60.0
100.0,60.8,60.0,60.0,3.8,7,65.0
100.0,78.3,70.0,70.0,7.4,8,75.0
93.3,86.8,85.0,85.0,2.1,9,85.0
88.9,59.4,65.0,65.0,6.8,7,70.0
97.8,69.8,65.0,70.0,3.2,8,70.0
97.8,41.2,40.0,40.0,2.3,6,35.0
93.3,64.1,60.0,60.0,1.9,7,60.0
100.0,64.6,60.0,65.0,3.5,7,70.0
100.0,57.0,55.0,60.0,2.4,6,60.0
100.0,58.5,60.0,65.0,3.8,7,70.0
97.8,49.3,50.0,50.0,4.3,8,50.0
97.8,49.7,50.0,55.0,7.2,7,50.0
93.3,50.5,50.0,55.0,2.6,6,60.0
91.1,59.3,55.0,60.0,2.5,6,60.0
100.0,60.3,55.0,55.0,1.7,7,55.0
97.8,61.3,60.0,60.0,4.2,7,65.0
95.6,53.8,60.0,55.0,4.1,7,60.0
100.0,53.8,50.0,55.0,4.3,7,55.0
97.8,78.8,75.0,75.0,3.4,8,75.0
100.0,65.4,65.0,70.0,4.1,8,75.0
100.0,62.2,65.0,60.0,4.2,7,60.0
95.6,60.0,60.0,60.0,1.1,6,60.0
95.6,52.5,55.0,55.0,1.3,6,55.0
100.0,72.1,70.0,70.0,6.4,8,70.0
95.6,64.6,65.0,65.0,7.1,7,65.0
97.8,58.7,55.0,60.0,7.5,9,60.0
91.1,64.8,70.0,65.0,2.4,7,60.0
82.2,53.6,55.0,55.0,3.8,6,50.0
91.1,54.7,50.0,55.0,2.5,7,55.0
100.0,71.2,70.0,75.0,3.2,8,75.0
100.0,52.9,45.0,50.0,1.1,7,50.0
84.4,51.1,50.0,55.0,3.8,6,55.0
95.6,53.1,50.0,55.0,4.0,8,55.0
93.3,65.6,65.0,60.0,3.8,7,65.0
97.8,80.5,85.0,85.0,11.7,9,85.0
95.6,51.8,55.0,60.0,3.8,6,65.0
97.8,57.7,65.0,60.0,3.3,7,60.0
100.0,71.6,70.0,65.0,4.1,8,65.0
100.0,73.4,80.0,70.0,3.9,8,80.0
95.6,55.8,50.0,45.0,1.4,7,45.0
100.0,60.8,65.0,60.0,1.6,8,60.0
100.0,63.2,65.0,60.0,1.4,8,65.0
97.8,67.3,60.0,65.0,3.8,7,60.0
100.0,79.0,75.0,70.0,4.2,9,75.0
91.1,81.6,75.0,75.0,3.4,8,80.0
100.0,71.5,70.0,65.0,4.0,7,70.0
97.8,80.9,80.0,75.0,3.6,8,80.0
100.0,84.5,85.0,80.0,3.5,9,80.0
100.0,52.5,50.0,50.0,1.8,8,80.0
100.0,63.2,65.0,65.0,3.4,8,50.0
100.0,65.0,70.0,65.0,7.0,7,65.0
100.0,62.6,65.0,60.0,3.3,7,60.0
97.8,77.1,80.0,75.0,4.6,9,80.0
100.0,55.9,55.0,60.0,12.5,8,60.0
100.0,49.8,50.0,45.0,12.2,6,50.0
100.0,55.7,55.0,50.0,3.9,6,55.0
93.3,75.3,75.0,75.0,12.5,9,75.0
97.8,64.9,65.0,55.0,12.4,8,55.0
100.0,46.5,55.0,45.0,12.7,6,50.0
97.8,59.6,65.0,55.0,4.1,7,55.0
100.0,62.7,65.0,65.0,1.6,6,70.0
95.6,49.0,55.0,55.0,3.6,6,55.0
100.0,54.7,55.0,55.0,3.7,7,55.0
100.0,57.2,60.0,55.0,11.6,7,55.0
98.9,69.8,65.0,65.0,11.9,7,65.0
100.0,47.0,45.0,45.0,2.3,6,50.0
84.4,54.3,60.0,55.0,4.5,6,55.0
100.0,60.9,55.0,55.0,1.7,7,60.0
97.8,51.5,50.0,45.0,7.4,6,45.0
95.6,59.5,60.0,55.0,3.9,7,55.0
97.8,61.9,65.0,60.0,5.0,7,65.0
97.8,59.5,65.0,60.0,4.2,7,60.0
95.6,56.4,60.0,55.0,3.7,7,60.0
93.3,63.7,65.0,55.0,3.4,7,55.0
95.6,81.0,75.0,75.0,6.6,9,75.0
93.3,60.1,60.0,50.0,3.9,6,55.0
93.3,43.4,45.0,45.0,3.5,6,50.0
97.8,46.2,45.0,55.0,6.6,6,55.0
93.3,68.1,70.0,65.0,1.5,9,65.0
100.0,56.7,60.0,65.0,3.4,6,60.0
97.8,68.4,65.0,70.0,4.5,8,70.0
97.8,56.9,55.0,60.0,12.9,7,60.0
95.6,63.5,65.0,65.0,12.5,7,65.0
93.3,44.7,45.0,55.0,2.4,7,55.0
100.0,64.2,65.0,60.0,3.8,8,60.0
95.6,60.7,60.0,65.0,1.5,7,65.0
97.8,58.7,60.0,65.0,7.8,7,65.0
86.7,35.8,45.0,45.0,2.0,6,40.0
100.0,79.9,80.0,80.0,6.8,9,80.0
97.8,68.1,60.0,65.0,1.7,7,60.0
82.2,57.9,55.0,50.0,3.4,6,50.0
100.0,78.5,80.0,80.0,3.2,8,80.0
88.9,48.1,50.0,50.0,12.9,6,50.0
95.6,51.5,50.0,50.0,13.3,6,50.0
95.6,64.2,65.0,70.0,6.6,8,70.0
91.1,56.2,60.0,50.0,12.7,6,55.0
97.8,77.5,75.0,75.0,6.9,8,70.0
95.6,71.3,65.0,70.0,1.6,8,70.0
95.6,54.7,55.0,55.0,7.0,7,55.0
86.7,44.1,40.0,50.0,3.5,5,50.0
88.9,84.8,90.0,85.0,1.8,8,90.0
95.6,45.0,50.0,45.0,3.5,6,50.0
93.3,74.5,80.0,70.0,3.9,9,70.0
95.6,78.8,80.0,75.0,3.8,8,80.0
93.3,72.9,70.0,70.0,1.7,7,75.0
84.4,55.0,60.0,55.0,3.4,7,55.0
97.8,72.4,70.0,65.0,1.6,8,70.0
100.0,69.1,70.0,70.0,4.1,7,70.0
93.3,67.5,70.0,65.0,12.7,7,65.0
97.8,62.8,70.0,60.0,3.4,7,65.0
95.6,54.6,60.0,65.0,1.8,6,65.0
100.0,60.4,60.0,55.0,4.1,6,55.0
97.8,47.4,45.0,45.0,1.1,7,45.0
100.0,51.5,50.0,55.0,4.0,7,55.0
100.0,47.6,45.0,50.0,3.5,7,55.0
91.1,71.7,70.0,70.0,2.0,7,75.0
95.6,57.6,65.0,60.0,6.9,7,65.0
100.0,50.7,50.0,55.0,6.5,7,60.0
88.9,50.1,50.0,45.0,3.1,6,40.0
91.1,48.6,55.0,50.0,1.8,6,55.0
93.3,58.3,55.0,60.0,1.9,7,65.0
97.8,58.3,65.0,60.0,1.4,7,60.0
86.7,71.7,75.0,65.0,2.1,8,70.0
95.6,44.9,45.0,45.0,1.1,7,55.0
86.7,55.0,65.0,55.0,1.8,7,55.0
97.8,61.3,60.0,55.0,3.3,8,55.0
95.6,65.0,65.0,70.0,6.9,7,75.0
97.8,45.0,50.0,45.0,3.8,7,50.0
100.0,68.2,70.0,65.0,3.5,8,65.0
97.8,58.7,55.0,55.0,1.6,7,60.0
88.9,54.3,60.0,55.0,7.6,7,55.0
91.1,57.8,60.0,55.0,1.6,7,55.0
95.6,46.4,45.0,45.0,2.1,6,50.0
100.0,52.2,50.0,50.0,3.3,6,50.0
93.3,68.0,65.0,70.0,2.0,8,70.0
97.8,41.2,40.0,45.0,2.4,6,45.0
93.3,47.2,45.0,55.0,11.5,6,55.0
73.3,42.9,45.0,40.0,3.5,5,45.0
100.0,66.8,75.0,65.0,7.4,9,65.0
95.6,48.3,60.0,55.0,1.7,7,55.0
97.8,66.4,65.0,65.0,7.3,8,65.0
95.6,55.3,50.0,55.0,1.6,7,55.0
75.6,32.6,45.0,35.0,1.8,4,30.0
100.0,56.8,60.0,60.0,3.7,7,60.0
100.0,54.6,55.0,50.0,2.3,8,50.0
97.8,61.6,55.0,55.0,3.9,7,55.0
93.3,62.7,65.0,60.0,3.9,7,65.0
93.3,52.7,55.0,55.0,3.6,6,55.0
82.2,44.4,45.0,45.0,1.6,5,40.0
100.0,62.0,60.0,55.0,1.6,7,55.0
100.0,48.1,55.0,45.0,2.0,6,0.0
93.3,44.8,45.0,50.0,1.6,5,50.0
97.8,63.5,65.0,65.0,7.3,7,65.0
93.3,47.1,55.0,45.0,2.6,7,55.0
100.0,65.4,65.0,65.0,2.1,7,65.0
100.0,42.6,35.0,40.0,3.7,7,40.0
84.4,43.6,45.0,40.0,2.3,6,50.0
93.3,51.8,55.0,50.0,1.6,7,55.0
95.6,54.3,60.0,50.0,1.0,6,55.0
100.0,45.0,50.0,50.0,3.4,7,5.0
100.0,45.4,45.0,40.0,1.1,6,50.0
91.1,39.8,40.0,40.0,1.7,6,45.0
95.6,32.0,35.0,30.0,3.8,5,40.0
97.8,52.6,40.0,45.0,2.5,7,50.0
97.8,43.6,45.0,40.0,1.9,5,40.0
100.0,37.6,40.0,40.0,3.7,5,40.0
88.9,36.2,40.0,35.0,2.1,5,40.0
100.0,51.1,45.0,50.0,2.9,6,55.0
100.0,85.4,85.0,85.0,3.9,9,90.0
100.0,55.4,60.0,60.0,4.1,6,65.0
100.0,82.9,80.0,80.0,3.2,9,85.0
95.6,42.9,45.0,45.0,2.3,5,50.0
100.0,88.4,80.0,85.0,3.9,9,90.0
100.0,53.7,55.0,45.0,3.6,7,50.0
100.0,66.2,70.0,65.0,4.1,7,65.0
100.0,74.1,70.0,70.0,4.7,8,75.0
100.0,52.6,50.0,55.0,3.9,7,55.0
100.0,65.3,65.0,60.0,3.9,7,70.0
95.6,51.8,55.0,45.0,3.6,6,50.0
91.1,44.9,50.0,45.0,1.5,5,55.0
95.6,52.9,55.0,55.0,4.1,7,65.0
95.6,55.9,55.0,50.0,3.5,6,55.0
100.0,56.3,55.0,60.0,3.8,7,65.0
100.0,86.1,85.0,90.0,3.6,9,85.0
64.4,64.5,70.0,65.0,4.0,7,70.0
91.1,73.8,70.0,75.0,3.9,8,80.0
93.3,66.4,55.0,65.0,4.2,7,70.0
100.0,44.2,50.0,45.0,1.6,6,55.0
100.0,67.5,65.0,70.0,3.7,8,80.0
88.9,66.9,60.0,65.0,3.4,8,70.0
93.3,44.7,45.0,45.0,3.6,6,50.0
93.3,61.4,60.0,60.0,4.0,6,65.0
100.0,54.2,60.0,55.0,4.1,7,60.0
82.2,53.8,50.0,55.0,3.4,7,60.0
100.0,52.0,55.0,50.0,2.1,6,50.0
100.0,65.8,65.0,60.0,2.3,7,60.0
91.1,76.2,70.0,75.0,4.0,8,80.0
95.6,73.3,65.0,65.0,2.6,8,70.0
82.2,54.3,50.0,55.0,1.5,6,60.0
66.7,73.4,70.0,75.0,1.3,8,80.0
100.0,53.2,55.0,50.0,3.1,7,55.0
97.8,68.9,70.0,70.0,4.4,7,75.0
95.6,58.5,55.0,60.0,4.1,7,60.0
100.0,71.5,70.0,75.0,3.8,9,75.0
76.7,65.5,65.0,65.0,1.9,7,65.0
93.3,69.2,65.0,65.0,12.0,8,65.0
84.4,39.2,40.0,45.0,8.2,6,40.0
97.8,58.6,55.0,55.0,3.9,8,60.0
95.6,76.6,70.0,75.0,3.8,8,75.0
97.8,62.0,60.0,65.0,2.1,8,65.0
100.0,50.6,55.0,60.0,7.4,7,60.0
95.6,58.1,60.0,60.0,12.6,7,60.0
83.3,66.8,65.0,60.0,3.5,7,60.0
100.0,64.9,65.0,65.0,4.0,8,65.0
88.9,54.4,60.0,55.0,4.6,6,55.0
93.3,56.0,60.0,55.0,2.3,7,55.0
97.8,77.5,70.0,80.0,4.4,9,75.0
82.2,51.9,55.0,45.0,3.6,5,50.0
88.9,49.2,50.0,50.0,3.4,6,50.0
95.6,61.2,60.0,65.0,1.7,6,65.0
100.0,58.7,60.0,60.0,7.2,7,65.0
100.0,49.6,55.0,50.0,4.2,7,55.0
86.7,65.2,60.0,60.0,6.5,7,60.0
100.0,64.0,65.0,65.0,4.4,8,70.0
90.0,51.5,50.0,45.0,3.7,7,50.0
95.6,82.3,75.0,80.0,7.0,8,80.0
95.6,43.2,40.0,40.0,3.4,5,40.0
97.8,86.0,85.0,90.0,3.1,10,85.0
100.0,53.7,50.0,55.0,4.1,8,55.0
97.8,47.3,45.0,50.0,3.8,6,55.0
100.0,72.1,75.0,75.0,6.7,9,80.0
100.0,66.2,70.0,60.0,3.3,8,60.0
100.0,58.6,60.0,65.0,3.7,7,65.0
100.0,68.8,65.0,65.0,4.5,8,65.0
100.0,63.5,65.0,65.0,3.7,8,70.0
97.8,45.6,45.0,45.0,3.2,7,45.0
100.0,60.9,60.0,60.0,7.1,8,60.0
100.0,79.2,80.0,80.0,3.7,8,80.0
95.6,49.3,45.0,50.0,0.7,7,50.0
100.0,66.1,70.0,65.0,3.8,7,65.0
80.0,52.8,50.0,50.0,3.7,6,50.0
82.2,38.3,45.0,40.0,4.1,5,50.0
84.4,38.0,40.0,35.0,2.5,6,35.0
71.1,43.6,35.0,40.0,2.3,6,40.0
93.3,42.0,50.0,40.0,1.7,6,45.0
95.6,67.8,70.0,70.0,3.4,8,75.0
88.9,54.2,55.0,50.0,8.2,6,50.0
95.6,58.2,60.0,55.0,1.8,7,55.0
97.8,66.1,65.0,65.0,3.8,6,65.0
84.4,46.6,45.0,45.0,1.8,6,40.0
82.2,39.6,40.0,35.0,3.9,5,40.0
91.1,53.8,55.0,45.0,1.7,6,50.0
95.6,73.9,75.0,70.0,7.0,8,75.0
95.6,71.8,75.0,70.0,3.6,8,70.0
91.1,77.2,75.0,75.0,3.8,9,75.0
100.0,66.1,60.0,60.0,3.6,8,60.0
92.2,69.6,70.0,70.0,1.5,7,75.0
95.6,69.3,70.0,75.0,1.8,8,75.0
97.8,58.5,55.0,55.0,3.7,7,60.0
97.8,67.0,65.0,70.0,7.8,7,75.0
88.9,48.0,55.0,55.0,6.1,6,55.0
88.9,50.3,50.0,45.0,4.2,6,50.0
88.9,53.5,60.0,50.0,7.7,6,55.0
92.2,77.1,75.0,80.0,1.0,8,80.0
95.6,53.7,55.0,50.0,3.7,7,55.0
97.8,52.8,45.0,60.0,1.7,6,65.0
86.7,39.7,35.0,40.0,1.2,6,25.0
91.1,46.2,50.0,45.0,3.5,6,50.0
100.0,59.0,55.0,60.0,1.4,7,55.0
91.1,36.6,35.0,40.0,2.5,6,35.0
95.6,52.2,45.0,55.0,4.2,7,50.0
95.6,39.4,35.0,40.0,2.3,6,30.0
97.8,64.6,70.0,65.0,2.1,7,60.0
100.0,63.5,60.0,60.0,1.3,7,65.0
100.0,45.7,45.0,50.0,1.6,6,50.0
97.8,62.6,60.0,60.0,4.0,7,65.0
97.8,73.6,70.0,75.0,12.0,8,85.0
100.0,55.9,50.0,50.0,4.1,6,55.0
95.6,51.9,55.0,50.0,3.7,6,55.0
97.8,56.3,55.0,60.0,7.1,7,70.0
95.6,57.3,55.0,60.0,7.5,7,70.0
95.6,54.0,55.0,55.0,4.0,7,65.0
95.6,62.4,55.0,65.0,3.7,7,70.0
97.8,74.8,80.0,80.0,4.3,8,80.0
100.0,44.0,45.0,50.0,1.4,7,50.0
97.8,49.0,50.0,55.0,12.7,6,60.0
91.1,57.8,50.0,60.0,4.0,6,60.0
97.8,80.5,75.0,75.0,3.7,8,75.0
97.8,49.7,50.0,50.0,3.9,6,55.0
97.8,51.9,50.0,55.0,6.7,6,60.0
97.8,68.0,75.0,60.0,7.6,7,65.0
100.0,61.1,55.0,60.0,7.1,7,65.0
91.1,37.0,40.0,40.0,1.6,5,45.0
93.3,78.2,75.0,80.0,4.2,8,80.0
100.0,58.1,55.0,55.0,3.5,7,70.0
91.1,54.0,50.0,55.0,3.2,6,60.0
95.6,55.4,50.0,60.0,3.2,7,70.0
86.7,45.6,40.0,45.0,4.0,5,50.0
82.2,48.7,55.0,60.0,3.3,6,60.0
88.9,82.2,80.0,80.0,13.2,8,80.0
97.8,62.9,65.0,65.0,3.0,8,65.0
97.8,76.5,80.0,85.0,4.5,7,90.0
91.1,71.6,70.0,70.0,3.9,8,75.0
93.3,81.8,75.0,80.0,3.8,9,80.0
93.3,59.6,60.0,60.0,3.6,7,60.0
83.3,55.8,60.0,45.0,4.0,8,50.0
93.3,62.6,55.0,60.0,1.8,7,60.0
97.8,69.4,70.0,60.0,4.2,7,65.0
91.1,75.0,65.0,75.0,7.2,8,75.0
100.0,45.0,45.0,40.0,3.9,5,50.0
100.0,50.2,50.0,50.0,1.7,6,50.0
88.9,44.9,50.0,50.0,1.8,5,55.0
75.6,54.2,55.0,55.0,1.9,7,50.0
80.0,62.3,65.0,65.0,1.1,6,65.0
97.8,91.9,85.0,85.0,12.0,9,90.0
100.0,61.8,60.0,65.0,4.1,7,65.0
86.7,60.4,60.0,60.0,3.9,8,70.0
88.9,64.2,60.0,65.0,3.7,7,70.0
100.0,60.1,60.0,60.0,3.8,8,60.0
100.0,95.4,90.0,90.0,7.3,10,90.0
100.0,63.0,65.0,65.0,7.0,8,70.0
100.0,73.0,70.0,75.0,6.9,8,75.0
100.0,82.6,85.0,85.0,3.9,9,85.0
97.8,73.2,75.0,80.0,3.4,7,80.0
100.0,85.4,85.0,90.0,7.4,9,90.0
100.0,92.3,90.0,95.0,11.8,10,95.0
100.0,71.0,70.0,75.0,7.6,8,75.0
100.0,70.2,70.0,75.0,2.0,7,75.0
97.8,63.1,70.0,65.0,3.9,7,65.0
100.0,67.1,65.0,70.0,4.2,9,70.0
100.0,77.6,80.0,85.0,13.2,9,85.0
100.0,92.4,90.0,90.0,2.2,9,85.0
100.0,72.7,70.0,75.0,3.1,9,75.0
100.0,57.7,60.0,65.0,1.3,7,65.0
100.0,34.0,35.0,35.0,7.0,5,40.0
100.0,77.6,80.0,80.0,7.2,8,80.0
100.0,91.0,90.0,90.0,12.7,10,90.0
100.0,51.7,45.0,50.0,6.9,6,55.0
100.0,66.4,70.0,75.0,1.9,8,75.0
100.0,50.4,50.0,50.0,3.5,6,55.0
97.8,49.5,50.0,50.0,3.6,7,55.0
97.8,62.1,60.0,60.0,3.2,8,75.0
97.8,58.1,55.0,60.0,3.4,8,70.0
97.8,75.0,75.0,80.0,1.3,8,85.0
97.8,71.4,70.0,75.0,6.8,8,85.0
91.1,57.5,60.0,60.0,2.2,6,75.0
97.8,78.4,75.0,75.0,6.8,9,85.0
91.1,57.5,55.0,60.0,4.9,6,70.0
90.0,58.7,55.0,50.0,4.0,7,50.0
100.0,57.4,60.0,55.0,3.9,6,65.0
95.6,55.1,55.0,60.0,1.5,6,70.0
97.8,67.6,70.0,75.0,2.1,7,85.0
84.4,66.8,75.0,70.0,3.6,7,85.0
100.0,54.9,60.0,60.0,3.8,7,65.0
97.8,58.3,55.0,60.0,4.8,7,70.0
97.8,44.0,40.0,45.0,1.8,6,55.0
86.7,44.9,50.0,50.0,7.7,5,55.0
97.8,42.9,40.0,40.0,3.5,6,45.0
97.8,48.5,50.0,50.0,1.8,7,50.0
95.6,68.1,70.0,65.0,4.5,7,65.0
100.0,60.2,55.0,55.0,6.9,7,50.0
100.0,90.3,85.0,90.0,7.9,9,85.0
100.0,69.1,70.0,70.0,7.5,8,75.0
100.0,67.1,70.0,70.0,7.0,8,70.0
100.0,60.5,65.0,70.0,7.5,7,65.0
100.0,85.1,85.0,90.0,2.2,9,85.0
97.8,51.9,55.0,50.0,2.0,6,50.0
100.0,59.4,65.0,60.0,6.6,7,65.0
95.6,72.2,75.0,70.0,6.9,8,75.0
97.8,57.6,55.0,60.0,1.7,7,55.0
100.0,54.3,55.0,55.0,12.5,6,60.0
100.0,50.5,55.0,50.0,2.0,6,50.0
97.8,48.1,50.0,45.0,3.9,7,50.0
100.0,76.4,75.0,75.0,6.7,9,75.0
93.3,69.1,75.0,70.0,2.0,7,75.0
91.1,56.9,50.0,55.0,4.0,7,60.0
100.0,47.3,50.0,45.0,4.0,5,60.0
93.3,67.7,70.0,65.0,12.9,7,70.0
91.1,62.1,55.0,65.0,7.5,7,70.0
100.0,63.1,60.0,65.0,4.0,7,75.0
95.6,73.1,70.0,70.0,12.5,8,75.0
100.0,70.9,70.0,70.0,3.1,8,80.0
100.0,58.0,60.0,60.0,4.0,7,65.0
93.3,81.2,80.0,80.0,3.9,8,85.0
80.0,51.1,50.0,60.0,3.9,5,70.0
100.0,57.7,55.0,60.0,6.7,6,70.0
95.6,74.7,70.0,80.0,6.8,8,85.0
95.6,71.9,75.0,70.0,7.6,8,85.0
100.0,67.2,70.0,65.0,7.2,6,70.0
100.0,51.4,55.0,60.0,7.5,6,65.0
88.9,65.4,60.0,75.0,3.8,7,75.0
95.6,69.9,60.0,80.0,3.8,8,80.0
82.2,52.9,50.0,55.0,2.2,6,55.0
93.3,53.9,50.0,65.0,1.6,7,65.0
100.0,56.3,45.0,60.0,7.2,7,60.0
87.8,47.0,45.0,55.0,3.6,5,60.0
90.0,70.5,65.0,70.0,3.6,8,75.0
100.0,76.0,65.0,85.0,3.7,8,85.0
97.8,65.1,60.0,75.0,7.3,8,75.0
100.0,82.9,70.0,85.0,3.6,10,85.0
76.7,43.6,45.0,50.0,4.3,4,50.0
91.1,67.5,55.0,75.0,6.8,8,75.0
94.4,50.6,45.0,50.0,1.7,6,55.0
88.9,82.7,80.0,90.0,3.6,9,90.0
94.4,81.7,70.0,85.0,7.8,9,85.0
85.6,66.6,65.0,70.0,1.9,7,70.0
88.9,45.5,35.0,55.0,2.2,6,55.0
88.9,78.0,70.0,85.0,3.2,8,85.0
94.4,44.4,40.0,50.0,1.9,5,50.0
95.6,59.8,50.0,65.0,4.2,7,65.0
87.8,54.9,50.0,55.0,1.8,6,55.0
100.0,54.4,60.0,60.0,4.2,6,60.0
93.3,54.2,50.0,50.0,1.6,6,50.0
95.6,44.7,50.0,50.0,2.4,7,55.0
100.0,85.7,80.0,85.0,4.7,9,85.0
100.0,38.4,30.0,40.0,1.7,6,45.0
94.4,48.9,50.0,55.0,3.6,6,55.0
100.0,51.1,50.0,55.0,7.8,7,55.0
100.0,46.5,50.0,50.0,4.4,7,50.0
100.0,29.3,30.0,30.0,1.6,6,35.0
100.0,66.4,65.0,70.0,1.6,8,70.0
95.6,50.1,50.0,45.0,12.4,7,55.0
100.0,54.2,50.0,50.0,3.3,7,50.0
95.6,36.9,30.0,35.0,1.4,6,40.0
100.0,55.8,60.0,55.0,1.4,7,60.0
97.8,51.7,50.0,55.0,1.5,7,60.0
100.0,69.4,70.0,80.0,1.8,8,80.0
100.0,15.6,35.0,0.0,3.9,4,0.0
95.6,45.5,40.0,45.0,4.4,6,45.0
100.0,67.6,60.0,65.0,3.4,8,70.0
92.2,35.9,35.0,45.0,4.2,5,40.0
95.6,45.5,45.0,50.0,3.7,6,55.0
91.1,39.7,35.0,45.0,3.8,6,45.0
100.0,55.9,55.0,55.0,4.1,7,55.0
91.1,42.2,40.0,50.0,1.4,6,45.0
93.3,81.4,80.0,80.0,7.4,8,85.0
96.7,58.3,55.0,65.0,1.9,7,65.0
97.8,75.0,75.0,75.0,4.0,9,75.0
100.0,54.1,50.0,55.0,3.9,7,55.0
95.6,47.4,45.0,50.0,4.8,7,55.0
100.0,43.8,50.0,40.0,6.9,6,40.0
96.7,42.2,45.0,40.0,7.0,6,40.0
100.0,47.1,45.0,50.0,3.6,5,45.0
100.0,66.2,65.0,70.0,3.6,7,75.0
95.6,51.6,50.0,55.0,1.5,7,55.0
100.0,62.9,65.0,50.0,13.0,7,65.0
97.8,49.4,50.0,45.0,7.8,7,50.0
98.9,51.7,55.0,50.0,3.6,6,55.0
100.0,64.8,65.0,60.0,1.5,8,70.0
100.0,66.3,65.0,70.0,4.0,7,70.0
97.8,66.6,70.0,55.0,7.0,8,60.0
93.3,56.2,55.0,55.0,2.1,5,55.0
90.0,42.3,45.0,40.0,3.9,6,40.0
100.0,49.0,50.0,45.0,1.2,6,55.0
98.9,62.6,70.0,65.0,4.4,8,70.0
98.9,59.0,65.0,60.0,2.5,7,65.0
100.0,58.8,65.0,60.0,3.6,7,65.0
95.6,63.1,65.0,60.0,3.6,8,60.0
97.8,63.1,60.0,55.0,3.9,7,60.0
100.0,77.1,70.0,70.0,1.9,9,80.0
95.6,47.2,50.0,40.0,2.1,7,50.0
97.8,54.0,50.0,55.0,2.6,7,55.0
100.0,56.6,60.0,65.0,7.1,8,70.0
97.8,43.5,50.0,40.0,1.5,5,40.0
87.8,52.7,60.0,50.0,1.2,6,55.0
100.0,33.0,35.0,35.0,3.5,5,40.0
95.6,44.5,45.0,45.0,1.8,6,50.0
100.0,43.5,45.0,45.0,2.5,6,50.0
97.8,41.1,45.0,50.0,1.6,6,55.0
100.0,49.8,45.0,50.0,1.9,6,45.0
98.9,44.0,45.0,50.0,3.8,6,55.0
93.3,35.8,35.0,35.0,2.3,5,40.0
100.0,59.2,55.0,50.0,4.8,6,55.0
98.9,44.5,45.0,50.0,1.6,6,50.0
93.3,31.7,35.0,45.0,7.0,4,50.0
93.3,38.9,35.0,45.0,7.6,5,45.0
100.0,45.9,40.0,45.0,2.1,6,50.0
95.6,56.1,45.0,55.0,2.5,8,50.0
86.7,33.5,35.0,40.0,4.0,5,45.0
97.8,46.4,40.0,50.0,3.7,6,50.0
94.4,43.5,45.0,45.0,2.0,7,50.0
100.0,42.1,40.0,45.0,4.2,6,45.0
100.0,76.1,70.0,65.0,2.1,9,65.0
97.8,65.2,70.0,70.0,2.0,8,70.0
100.0,53.2,50.0,55.0,12.9,7,50.0
100.0,69.1,70.0,65.0,4.3,8,70.0
100.0,86.1,85.0,80.0,2.4,9,80.0
86.7,32.7,30.0,35.0,2.1,5,35.0
91.1,66.2,70.0,60.0,1.7,7,65.0
97.8,43.9,50.0,40.0,12.6,6,45.0
100.0,70.9,70.0,70.0,13.0,8,70.0
100.0,61.3,60.0,65.0,6.9,7,65.0
100.0,57.0,55.0,55.0,1.9,6,55.0
91.1,49.0,55.0,45.0,3.6,7,50.0
100.0,56.2,55.0,55.0,7.2,8,50.0
100.0,47.5,50.0,45.0,2.3,7,45.0
100.0,86.0,80.0,85.0,3.9,9,90.0
100.0,79.6,75.0,85.0,3.8,8,85.0
98.9,44.5,55.0,45.0,3.3,6,50.0
90.0,39.0,35.0,35.0,4.1,5,35.0
100.0,32.3,40.0,30.0,2.1,5,40.0
97.8,30.5,35.0,30.0,2.7,4,35.0
91.1,40.7,45.0,40.0,3.7,6,50.0
100.0,79.2,70.0,80.0,3.9,8,80.0
100.0,63.2,70.0,70.0,1.9,6,75.0
91.1,42.8,40.0,25.0,4.4,5,40.0
100.0,41.0,40.0,35.0,3.8,6,0.0
93.3,35.5,30.0,40.0,3.9,6,40.0
100.0,44.6,40.0,50.0,4.0,6,50.0
95.6,40.9,40.0,40.0,3.9,5,40.0
97.8,29.1,25.0,30.0,12.3,5,30.0
97.8,41.9,35.0,45.0,3.9,5,40.0
100.0,74.4,75.0,70.0,7.6,9,80.0
98.9,67.7,65.0,70.0,1.4,7,70.0
100.0,47.0,50.0,45.0,7.3,6,50.0
94.4,44.5,45.0,45.0,1.5,7,45.0
98.9,54.4,55.0,55.0,2.3,6,55.0
91.1,45.8,35.0,50.0,1.2,5,45.0
100.0,51.9,50.0,50.0,3.6,6,50.0
97.8,30.8,45.0,35.0,4.0,6,40.0
100.0,74.5,70.0,75.0,4.4,7,80.0
100.0,58.0,55.0,60.0,1.8,6,60.0
87.8,49.7,45.0,55.0,3.6,6,50.0
91.1,66.2,65.0,70.0,13.3,8,70.0
87.8,66.0,60.0,65.0,1.2,8,60.0
97.8,58.0,55.0,55.0,6.3,7,55.0
91.1,44.9,45.0,50.0,4.0,6,50.0
94.4,51.1,45.0,55.0,1.6,7,55.0
100.0,47.1,55.0,45.0,3.4,5,55.0
98.9,48.0,50.0,55.0,7.5,6,60.0
97.8,43.0,45.0,45.0,1.9,6,40.0
97.8,60.4,60.0,55.0,1.6,7,60.0
91.1,45.5,40.0,45.0,3.3,6,40.0
100.0,71.4,65.0,75.0,4.1,8,80.0
100.0,54.7,50.0,55.0,2.1,6,55.0
97.8,54.3,55.0,50.0,3.8,6,55.0
100.0,85.3,85.0,90.0,4.5,9,90.0
100.0,63.8,60.0,65.0,3.4,7,65.0
100.0,70.0,65.0,70.0,3.2,8,65.0
97.8,47.4,45.0,45.0,3.5,6,50.0
95.6,58.8,55.0,55.0,1.8,7,60.0
96.7,54.7,50.0,55.0,1.9,7,50.0
94.4,68.5,65.0,70.0,7.1,7,65.0
95.6,50.8,45.0,50.0,1.9,6,55.0
97.8,39.7,35.0,45.0,3.3,6,50.0
100.0,49.2,40.0,65.0,2.4,7,50.0
100.0,59.5,60.0,60.0,1.8,7,65.0
100.0,45.2,50.0,45.0,2.2,6,50.0
93.3,45.4,50.0,45.0,3.9,6,50.0
100.0,59.3,55.0,65.0,4.0,6,60.0
100.0,15.7,35.0,0.0,2.0,5,0.0
97.8,49.2,55.0,45.0,2.0,6,50.0
100.0,43.9,50.0,50.0,2.1,6,45.0
97.8,40.9,45.0,35.0,2.3,6,45.0
100.0,10.4,20.0,0.0,1.9,3,0.0
95.6,39.4,30.0,55.0,2.1,5,45.0
90.0,31.7,20.0,40.0,3.8,5,40.0
93.3,40.4,35.0,40.0,2.4,5,40.0
95.6,37.3,40.0,45.0,1.5,6,45.0
91.1,22.6,25.0,25.0,4.5,4,35.0
90.0,37.3,35.0,45.0,1.8,5,50.0
86.7,44.2,40.0,55.0,1.2,6,50.0
91.1,55.1,50.0,55.0,1.9,6,50.0
91.1,46.8,45.0,50.0,1.5,6,55.0
91.1,46.8,50.0,45.0,4.1,6,55.0
95.6,36.0,40.0,45.0,3.5,5,50.0
100.0,49.4,45.0,50.0,1.6,6,45.0
95.6,38.4,40.0,45.0,1.0,5,50.0
97.8,35.0,30.0,40.0,3.6,5,40.0
100.0,35.7,30.0,40.0,0.8,6,35.0
100.0,39.6,40.0,30.0,1.2,7,0.0
100.0,48.2,50.0,55.0,2.1,6,55.0
94.4,27.9,40.0,35.0,7.5,5,40.0
100.0,40.6,40.0,40.0,4.0,6,0.0
96.7,38.4,35.0,30.0,3.4,5,40.0
100.0,48.8,40.0,50.0,1.8,7,45.0
100.0,42.9,35.0,50.0,1.8,6,50.0
96.7,35.8,35.0,40.0,3.3,6,35.0
97.8,65.0,60.0,65.0,4.4,7,70.0
100.0,54.3,55.0,60.0,2.2,8,65.0
100.0,63.9,60.0,65.0,3.7,8,70.0
100.0,91.6,90.0,90.0,3.8,10,90.0
96.7,88.4,85.0,85.0,1.9,9,85.0
100.0,96.2,85.0,90.0,3.0,10,90.0
100.0,24.7,45.0,0.0,3.7,5,0.0
91.1,50.8,50.0,55.0,1.5,6,55.0
94.4,62.3,60.0,65.0,1.4,6,70.0
95.6,56.7,60.0,65.0,1.7,6,70.0
95.6,37.8,40.0,40.0,4.5,5,50.0
100.0,56.1,55.0,60.0,7.5,7,65.0
100.0,11.3,25.0,0.0,3.6,4,0.0
97.8,47.9,45.0,50.0,4.0,7,50.0
100.0,10.4,25.0,0.0,2.4,3,0.0
100.0,93.6,90.0,90.0,12.9,10,90.0
94.4,55.0,55.0,55.0,3.8,6,60.0
97.8,44.8,40.0,50.0,3.5,6,55.0
100.0,54.0,55.0,55.0,4.1,7,60.0
100.0,21.3,40.0,0.0,4.0,5,0.0
94.4,72.6,70.0,70.0,7.6,7,75.0
95.6,49.6,50.0,55.0,4.1,7,55.0
100.0,47.9,50.0,50.0,4.2,7,50.0
97.8,59.0,60.0,60.0,3.6,7,60.0
100.0,68.3,75.0,70.0,4.3,8,75.0
97.8,65.0,70.0,65.0,1.9,8,70.0
100.0,88.7,95.0,85.0,8.0,9,90.0
100.0,80.4,80.0,75.0,3.5,9,75.0
93.3,63.4,65.0,60.0,4.5,8,65.0
95.6,73.2,75.0,70.0,3.9,9,75.0
100.0,67.7,65.0,65.0,3.5,7,65.0
100.0,44.4,40.0,50.0,3.6,6,45.0
100.0,78.6,75.0,80.0,7.1,8,80.0
100.0,39.7,40.0,40.0,2.0,6,45.0
100.0,50.8,50.0,50.0,2.0,7,50.0
100.0,28.3,35.0,25.0,3.6,4,0.0
96.7,39.6,45.0,50.0,1.8,5,50.0
91.1,52.0,50.0,55.0,8.1,6,60.0
95.6,42.0,35.0,40.0,2.5,6,45.0
100.0,82.8,75.0,85.0,7.4,8,85.0
95.6,55.5,50.0,55.0,7.2,7,60.0
95.6,41.4,35.0,40.0,3.8,6,45.0
98.9,67.7,65.0,70.0,4.0,8,70.0
98.9,80.6,80.0,80.0,3.4,8,80.0
88.9,40.4,40.0,45.0,3.7,6,45.0
95.6,86.4,85.0,90.0,3.1,10,95.0
100.0,37.0,35.0,35.0,2.0,5,0.0
95.6,76.3,70.0,75.0,4.1,8,80.0
100.0,31.8,25.0,40.0,1.6,5,0.0
100.0,33.6,35.0,35.0,2.4,5,0.0
100.0,77.2,70.0,85.0,6.7,8,75.0
100.0,39.1,30.0,45.0,3.2,6,55.0
95.6,35.2,35.0,45.0,1.9,4,50.0
95.6,45.1,50.0,55.0,7.6,7,50.0
95.6,73.2,75.0,75.0,4.5,8,80.0
93.3,53.5,55.0,60.0,3.6,6,45.0
93.3,48.4,50.0,50.0,2.2,6,50.0
95.6,51.9,50.0,55.0,1.8,6,55.0
